DGF after filtering from DNAse I cutting bias			
			
Name	Species	Tissue	type
Bdwl_DGF.FLR.bed	B. distachyon	Whole leaf	all
Sbbs_DE_DGF.FLR.bed	S. bicolor	Bundle Sheath	differentially occupied
Sbbs_DGF.FLR.bed	S. bicolor	Bundle Sheath	all
Sbwl_DE_DGF.FLR.bed	S. bicolor	Whole leaf	differentially occupied
Sbwl_DGF.FLR.bed	S. bicolor	Whole leaf	all
SiBS_DE_DGF.FLR.bed	S. italica	Bundle Sheath	differentially occupied
Sibs_DGF.FLR.bed	S. italica	Bundle Sheath	all
SiWL_DE_DGF.FLR.bed	S. italica	Whole leaf	differentially occupied
Siwl_DGF.FLR.bed	S. italica	Whole leaf	all
ZmBS_DE_DGF.FLR.bed	Z. mays	Bundle Sheath	differentially occupied
Zmbs_DGF.FLR.bed	Z. mays	Bundle Sheath	all
Zmwl_DE_DGF.FLR.bed	Z. mays	Whole leaf	differentially occupied
Zmwl_DGF.FLR.bed	Z. mays	Whole leaf	all
